{"cameraMode":{"drawMode":0,"name":"Shaded","section":"Shading Mode"},"sceneLighting":true,"audioPlay":false,"sceneViewState":{"showFog":true,"showMaterialUpdate":false,"showSkybox":true,"showFlares":true,"showImageEffects":true,"showParticleSystems":true},"in2DMode":false,"pivot":{"x":498.5353698730469,"y":226.6337890625,"z":687.2177124023438},"rotation":{"x":-0.010809172876179219,"y":-0.008402332663536072,"z":0.00009082600445253775,"w":-0.9999072551727295},"size":717.1691284179688,"orthographic":false}