{"cameraMode":{"drawMode":0,"name":"Shaded","section":"Shading Mode"},"sceneLighting":true,"audioPlay":false,"sceneViewState":{"showFog":true,"showMaterialUpdate":false,"showSkybox":true,"showFlares":true,"showImageEffects":true,"showParticleSystems":true},"in2DMode":false,"pivot":{"x":56.56067657470703,"y":-54.28742980957031,"z":76.55118560791016},"rotation":{"x":-0.4335010349750519,"y":0.038366734981536868,"z":-0.0184774249792099,"w":-0.9001485109329224},"size":43.79155349731445,"orthographic":false}