{"cameraMode":{"drawMode":0,"name":"Shaded","section":"Shading Mode"},"sceneLighting":false,"audioPlay":false,"sceneViewState":{"showFog":true,"showMaterialUpdate":false,"showSkybox":false,"showFlares":true,"showImageEffects":true,"showParticleSystems":true},"in2DMode":false,"pivot":{"x":-13.056109428405762,"y":-35.169776916503909,"z":20.213287353515626},"rotation":{"x":-0.7119030356407166,"y":-0.010113551281392575,"z":0.010254043154418469,"w":-0.7021304368972778},"size":72.52750396728516,"orthographic":false}