{"cameraMode":{"drawMode":0,"name":"Shaded","section":"Shading Mode"},"sceneLighting":false,"audioPlay":false,"sceneViewState":{"showFog":true,"showMaterialUpdate":false,"showSkybox":false,"showFlares":true,"showImageEffects":true,"showParticleSystems":true},"in2DMode":false,"pivot":{"x":1.1718528270721436,"y":745.385986328125,"z":44.687744140625},"rotation":{"x":-0.4216904044151306,"y":0.0019016496371477843,"z":-0.000884413137100637,"w":-0.9067384004592896},"size":58.75736618041992,"orthographic":false}