{"cameraMode":{"drawMode":0,"name":"Shaded","section":"Shading Mode"},"sceneLighting":false,"audioPlay":false,"sceneViewState":{"showFog":true,"showMaterialUpdate":false,"showSkybox":false,"showFlares":true,"showImageEffects":true,"showParticleSystems":true},"in2DMode":false,"pivot":{"x":-4.982315540313721,"y":815.6669921875,"z":18.05518341064453},"rotation":{"x":-0.722425103187561,"y":0.0024873134680092336,"z":-0.0025987145490944387,"w":-0.6914405226707459},"size":62.16520690917969,"orthographic":false}