{"cameraMode":{"drawMode":0,"name":"Shaded","section":"Shading Mode"},"sceneLighting":false,"audioPlay":false,"sceneViewState":{"showFog":true,"showMaterialUpdate":false,"showSkybox":true,"showFlares":true,"showImageEffects":true,"showParticleSystems":true},"in2DMode":false,"pivot":{"x":53.73966598510742,"y":-35.73728942871094,"z":72.54943084716797},"rotation":{"x":-0.3033401668071747,"y":-0.5296475887298584,"z":0.2102561742067337,"w":-0.7637567520141602},"size":97.66166687011719,"orthographic":false}