{"cameraMode":{"drawMode":0,"name":"Shaded","section":"Shading Mode"},"sceneLighting":true,"audioPlay":false,"sceneViewState":{"showFog":true,"showMaterialUpdate":false,"showSkybox":true,"showFlares":true,"showImageEffects":true,"showParticleSystems":true},"in2DMode":false,"pivot":{"x":38.040428161621097,"y":-12.627357482910157,"z":18.687013626098634},"rotation":{"x":-0.3279576897621155,"y":-0.30425405502319338,"z":0.11236343532800675,"w":-0.8873095512390137},"size":36.7540168762207,"orthographic":false}