{"cameraMode":{"drawMode":0,"name":"Shaded","section":"Shading Mode"},"sceneLighting":true,"audioPlay":false,"sceneViewState":{"showFog":true,"showMaterialUpdate":false,"showSkybox":true,"showFlares":true,"showImageEffects":true,"showParticleSystems":true},"in2DMode":false,"pivot":{"x":208.66006469726563,"y":168.49310302734376,"z":176.0386962890625},"rotation":{"x":-0.3901399075984955,"y":0.01021756511181593,"z":-0.004329627845436335,"w":-0.9206898212432861},"size":471.8766784667969,"orthographic":false}