{"cameraMode":{"drawMode":0,"name":"Shaded","section":"Shading Mode"},"sceneLighting":true,"audioPlay":false,"sceneViewState":{"showFog":true,"showMaterialUpdate":false,"showSkybox":false,"showFlares":true,"showImageEffects":true,"showParticleSystems":true},"in2DMode":false,"pivot":{"x":-50.06553649902344,"y":695.3735961914063,"z":-55.15282440185547},"rotation":{"x":0.07442149519920349,"y":-0.8963528871536255,"z":0.4048229455947876,"w":0.16479746997356416},"size":109.73992156982422,"orthographic":false}