{"cameraMode":{"drawMode":0,"name":"Shaded","section":"Shading Mode"},"sceneLighting":false,"audioPlay":false,"sceneViewState":{"showFog":true,"showMaterialUpdate":false,"showSkybox":false,"showFlares":true,"showImageEffects":true,"showParticleSystems":true},"in2DMode":false,"pivot":{"x":0.26717567443847659,"y":788.3400268554688,"z":20.686012268066408},"rotation":{"x":-0.7327194809913635,"y":-0.0006143341888673604,"z":0.0006614783778786659,"w":-0.6805309653282166},"size":58.75736618041992,"orthographic":false}