{"cameraMode":{"drawMode":0,"name":"Shaded","section":"Shading Mode"},"sceneLighting":true,"audioPlay":false,"sceneViewState":{"showFog":true,"showMaterialUpdate":false,"showSkybox":true,"showFlares":true,"showImageEffects":true,"showParticleSystems":true},"in2DMode":false,"pivot":{"x":305.2804870605469,"y":346.052978515625,"z":283.17431640625},"rotation":{"x":-0.07338327914476395,"y":-0.042183492332696918,"z":0.003007587743923068,"w":-0.9964441657066345},"size":552.0562744140625,"orthographic":false}