{"cameraMode":{"drawMode":0,"name":"Shaded","section":"Shading Mode"},"sceneLighting":true,"audioPlay":false,"sceneViewState":{"showFog":true,"showMaterialUpdate":false,"showSkybox":true,"showFlares":true,"showImageEffects":true,"showParticleSystems":true},"in2DMode":false,"pivot":{"x":844.8641967773438,"y":80.36416625976563,"z":407.06744384765627},"rotation":{"x":-0.1792219579219818,"y":-0.034821417182683948,"z":0.006347754970192909,"w":-0.9831730127334595},"size":647.87646484375,"orthographic":false}