{"cameraMode":{"drawMode":0,"name":"Shaded","section":"Shading Mode"},"sceneLighting":false,"audioPlay":false,"sceneViewState":{"showFog":true,"showMaterialUpdate":false,"showSkybox":false,"showFlares":true,"showImageEffects":true,"showParticleSystems":true},"in2DMode":false,"pivot":{"x":3.802889585494995,"y":-28.739593505859376,"z":11.170008659362793},"rotation":{"x":-0.7138032913208008,"y":-0.019531233236193658,"z":0.019922111183404924,"w":-0.6997910141944885},"size":59.64627456665039,"orthographic":false}