{"cameraMode":{"drawMode":0,"name":"Shaded","section":"Shading Mode"},"sceneLighting":false,"audioPlay":false,"sceneViewState":{"showFog":true,"showMaterialUpdate":false,"showSkybox":false,"showFlares":true,"showImageEffects":true,"showParticleSystems":true},"in2DMode":false,"pivot":{"x":-41.57765579223633,"y":806.214111328125,"z":1.3006492853164673},"rotation":{"x":-0.157359316945076,"y":0.819213330745697,"z":-0.26722002029418948,"w":-0.4824143052101135},"size":82.1810073852539,"orthographic":false}