{"cameraMode":{"drawMode":0,"name":"Shaded","section":"Shading Mode"},"sceneLighting":false,"audioPlay":false,"sceneViewState":{"showFog":true,"showMaterialUpdate":false,"showSkybox":false,"showFlares":true,"showImageEffects":true,"showParticleSystems":true},"in2DMode":false,"pivot":{"x":0.4495704472064972,"y":828.0593872070313,"z":20.758148193359376},"rotation":{"x":-0.7066323757171631,"y":-0.009128708392381668,"z":0.009118059650063515,"w":-0.7074647545814514},"size":45.03118133544922,"orthographic":false}