{"cameraMode":{"drawMode":0,"name":"Shaded","section":"Shading Mode"},"sceneLighting":false,"audioPlay":false,"sceneViewState":{"showFog":true,"showMaterialUpdate":false,"showSkybox":false,"showFlares":true,"showImageEffects":true,"showParticleSystems":true},"in2DMode":false,"pivot":{"x":-27.27912139892578,"y":-35.17957305908203,"z":21.33180809020996},"rotation":{"x":-0.7119030356407166,"y":-0.010113551281392575,"z":0.010254043154418469,"w":-0.7021304368972778},"size":58.43620300292969,"orthographic":false}