{"cameraMode":{"drawMode":0,"name":"Shaded","section":"Shading Mode"},"sceneLighting":false,"audioPlay":false,"sceneViewState":{"showFog":true,"showMaterialUpdate":false,"showSkybox":false,"showFlares":true,"showImageEffects":true,"showParticleSystems":true},"in2DMode":false,"pivot":{"x":1.901829481124878,"y":-5.284427642822266,"z":-34.013370513916019},"rotation":{"x":0.004859868437051773,"y":0.9767640233039856,"z":-0.21310624480247498,"w":0.022275160998106004},"size":32.56987380981445,"orthographic":false}