{"cameraMode":{"drawMode":0,"name":"Shaded","section":"Shading Mode"},"sceneLighting":false,"audioPlay":false,"sceneViewState":{"showFog":true,"showMaterialUpdate":false,"showSkybox":false,"showFlares":true,"showImageEffects":true,"showParticleSystems":true},"in2DMode":false,"pivot":{"x":-1.7830169200897217,"y":3.508514404296875,"z":-16.348554611206056},"rotation":{"x":-0.7327194809913635,"y":-0.0006143341888673604,"z":0.0006614783778786659,"w":-0.6805309653282166},"size":65.51782989501953,"orthographic":false}