{"cameraMode":{"drawMode":0,"name":"Shaded","section":"Shading Mode"},"sceneLighting":true,"audioPlay":false,"sceneViewState":{"showFog":true,"showMaterialUpdate":false,"showSkybox":true,"showFlares":true,"showImageEffects":true,"showParticleSystems":true},"in2DMode":false,"pivot":{"x":7.973960876464844,"y":-220.45632934570313,"z":173.6519012451172},"rotation":{"x":-0.42676159739494326,"y":-0.03742659464478493,"z":0.017676282674074174,"w":-0.9034262895584106},"size":169.41000366210938,"orthographic":false}