{"cameraMode":{"drawMode":0,"name":"Shaded","section":"Shading Mode"},"sceneLighting":false,"audioPlay":false,"sceneViewState":{"showFog":true,"showMaterialUpdate":false,"showSkybox":false,"showFlares":true,"showImageEffects":true,"showParticleSystems":true},"in2DMode":false,"pivot":{"x":161.24261474609376,"y":-155.3063507080078,"z":-27.853355407714845},"rotation":{"x":0.22269870340824128,"y":0.7355616688728333,"z":-0.2862261235713959,"w":0.5722448229789734},"size":154.74203491210938,"orthographic":false}