{"cameraMode":{"drawMode":0,"name":"Shaded","section":"Shading Mode"},"sceneLighting":true,"audioPlay":false,"sceneViewState":{"showFog":true,"showMaterialUpdate":false,"showSkybox":true,"showFlares":true,"showImageEffects":true,"showParticleSystems":true},"in2DMode":false,"pivot":{"x":452.2967224121094,"y":-64.5354232788086,"z":384.6656188964844},"rotation":{"x":-0.13784441351890565,"y":-0.018720969557762147,"z":0.0026061302050948145,"w":-0.9902743101119995},"size":781.740478515625,"orthographic":false}