{"cameraMode":{"drawMode":0,"name":"Shaded","section":"Shading Mode"},"sceneLighting":false,"audioPlay":false,"sceneViewState":{"showFog":true,"showMaterialUpdate":true,"showSkybox":false,"showFlares":true,"showImageEffects":true,"showParticleSystems":true},"in2DMode":false,"pivot":{"x":-5.36448335647583,"y":3.101125717163086,"z":2.3874101638793947},"rotation":{"x":-0.2457236349582672,"y":0.08767642080783844,"z":-0.022323323413729669,"w":-0.9651113748550415},"size":5.4546637535095219,"orthographic":false}