{"cameraMode":{"drawMode":0,"name":"Shaded","section":"Shading Mode"},"sceneLighting":true,"audioPlay":false,"sceneViewState":{"showFog":true,"showMaterialUpdate":true,"showSkybox":true,"showFlares":true,"showImageEffects":true,"showParticleSystems":true},"in2DMode":false,"pivot":{"x":554.6110229492188,"y":320.0500183105469,"z":207.11968994140626},"rotation":{"x":-0.013808363117277623,"y":-0.012901180423796177,"z":0.0001682611764408648,"w":-0.9998337030410767},"size":468.4064025878906,"orthographic":false}