{"cameraMode":{"drawMode":0,"name":"Shaded","section":"Shading Mode"},"sceneLighting":true,"audioPlay":false,"sceneViewState":{"showFog":true,"showMaterialUpdate":true,"showSkybox":true,"showFlares":true,"showImageEffects":true,"showParticleSystems":true},"in2DMode":false,"pivot":{"x":-2.2678866386413576,"y":-13.96414566040039,"z":9.666683197021485},"rotation":{"x":-0.459306925535202,"y":0.017845721915364267,"z":-0.009240612387657166,"w":-0.8880710005760193},"size":29.690006256103517,"orthographic":false}