{"cameraMode":{"drawMode":0,"name":"Shaded","section":"Shading Mode"},"sceneLighting":true,"audioPlay":false,"sceneViewState":{"showFog":true,"showMaterialUpdate":true,"showSkybox":true,"showFlares":true,"showImageEffects":true,"showParticleSystems":true},"in2DMode":false,"pivot":{"x":-1.2846901416778565,"y":-1.6230478286743165,"z":2.8004350662231447},"rotation":{"x":-0.3664357364177704,"y":0.024277877062559129,"z":-0.009565354324877262,"w":-0.9300775527954102},"size":7.906132221221924,"orthographic":false}