{"cameraMode":{"drawMode":0,"name":"Shaded","section":"Shading Mode"},"sceneLighting":true,"audioPlay":false,"sceneViewState":{"showFog":true,"showMaterialUpdate":true,"showSkybox":true,"showFlares":true,"showImageEffects":true,"showParticleSystems":true},"in2DMode":false,"pivot":{"x":-5.7235107421875,"y":7.444210052490234,"z":-18.144411087036134},"rotation":{"x":-0.36005866527557375,"y":0.10518296808004379,"z":-0.04090866446495056,"w":-0.9260924458503723},"size":21.898170471191408,"orthographic":false}