{"cameraMode":{"drawMode":0,"name":"Shaded","section":"Shading Mode"},"sceneLighting":false,"audioPlay":false,"sceneViewState":{"showFog":true,"showMaterialUpdate":true,"showSkybox":false,"showFlares":true,"showImageEffects":true,"showParticleSystems":true},"in2DMode":false,"pivot":{"x":-2.009999990463257,"y":2.0,"z":-0.6399999856948853},"rotation":{"x":-0.2756587862968445,"y":0.014992058277130127,"z":-0.004300063010305166,"w":-0.9611296057701111},"size":1.5867259502410889,"orthographic":false}