{"cameraMode":{"drawMode":0,"name":"Shaded","section":"Shading Mode"},"sceneLighting":true,"audioPlay":false,"sceneViewState":{"showFog":true,"showMaterialUpdate":true,"showSkybox":true,"showFlares":true,"showImageEffects":true,"showParticleSystems":true},"in2DMode":false,"pivot":{"x":-0.28253933787345889,"y":-0.8918957710266113,"z":1.971292495727539},"rotation":{"x":-0.5105340480804443,"y":-0.005939871538430452,"z":0.0035167287569493057,"w":-0.859849214553833},"size":10.0,"orthographic":false}