{"cameraMode":{"drawMode":0,"name":"Shaded","section":"Shading Mode"},"sceneLighting":false,"audioPlay":false,"sceneViewState":{"showFog":true,"showMaterialUpdate":true,"showSkybox":false,"showFlares":true,"showImageEffects":true,"showParticleSystems":true},"in2DMode":false,"pivot":{"x":4.024564743041992,"y":0.2807483673095703,"z":20.596105575561525},"rotation":{"x":-0.20287856459617616,"y":-0.01116525661200285,"z":0.0023135486990213396,"w":-0.9791392087936401},"size":44.271427154541019,"orthographic":false}