{"cameraMode":{"drawMode":0,"name":"Shaded","section":"Shading Mode"},"sceneLighting":true,"audioPlay":false,"sceneViewState":{"showFog":true,"showMaterialUpdate":true,"showSkybox":true,"showFlares":true,"showImageEffects":true,"showParticleSystems":true},"in2DMode":false,"pivot":{"x":-0.3508208394050598,"y":-1.673318862915039,"z":5.0481719970703129},"rotation":{"x":-0.25254932045936587,"y":-0.0008758460753597319,"z":0.00021921600273344666,"w":-0.9676015973091126},"size":22.35683822631836,"orthographic":false}