{"cameraMode":{"drawMode":0,"name":"Shaded","section":"Shading Mode"},"sceneLighting":true,"audioPlay":false,"sceneViewState":{"showFog":true,"showMaterialUpdate":true,"showSkybox":true,"showFlares":true,"showImageEffects":true,"showParticleSystems":true},"in2DMode":false,"pivot":{"x":638.0271606445313,"y":377.0081481933594,"z":-177.94683837890626},"rotation":{"x":-0.05124669522047043,"y":-0.03984064608812332,"z":0.0020457031205296518,"w":-0.997911274433136},"size":335.8164978027344,"orthographic":false}