{"cameraMode":{"drawMode":0,"name":"Shaded","section":"Shading Mode"},"sceneLighting":true,"audioPlay":false,"sceneViewState":{"showFog":true,"showMaterialUpdate":true,"showSkybox":true,"showFlares":true,"showImageEffects":true,"showParticleSystems":true},"in2DMode":false,"pivot":{"x":-0.28253933787345889,"y":-0.8918957710266113,"z":1.971292495727539},"rotation":{"x":-0.2756587862968445,"y":0.014992058277130127,"z":-0.004300063010305166,"w":-0.9611296057701111},"size":10.782001495361329,"orthographic":false}