{"cameraMode":{"drawMode":0,"name":"Shaded","section":"Shading Mode"},"sceneLighting":true,"audioPlay":false,"sceneViewState":{"showFog":true,"showMaterialUpdate":true,"showSkybox":true,"showFlares":true,"showImageEffects":true,"showParticleSystems":true},"in2DMode":false,"pivot":{"x":1.409777045249939,"y":12.753340721130371,"z":-11.009482383728028},"rotation":{"x":-0.4078388214111328,"y":0.029293695464730264,"z":-0.013107633218169213,"w":-0.9125062227249146},"size":6.259777069091797,"orthographic":false}