{"cameraMode":{"drawMode":0,"name":"Shaded","section":"Shading Mode"},"sceneLighting":true,"audioPlay":false,"sceneViewState":{"showFog":true,"showMaterialUpdate":true,"showSkybox":true,"showFlares":true,"showImageEffects":true,"showParticleSystems":true},"in2DMode":false,"pivot":{"x":-0.5129610896110535,"y":-24.982807159423829,"z":22.514467239379884},"rotation":{"x":-0.5272060632705689,"y":0.001781844417564571,"z":-0.0011060215765610338,"w":-0.8497366905212402},"size":44.049503326416019,"orthographic":false}