{"cameraMode":{"drawMode":0,"name":"Shaded","section":"Shading Mode"},"sceneLighting":false,"audioPlay":false,"sceneViewState":{"showFog":true,"showMaterialUpdate":true,"showSkybox":false,"showFlares":true,"showImageEffects":true,"showParticleSystems":true},"in2DMode":false,"pivot":{"x":-0.9773041009902954,"y":-3.19234037399292,"z":-32.37617492675781},"rotation":{"x":0.0023654785472899677,"y":-0.9959446787834168,"z":0.08567298948764801,"w":0.027501385658979417},"size":18.014556884765626,"orthographic":false}