{"cameraMode":{"drawMode":0,"name":"Shaded","section":"Shading Mode"},"sceneLighting":true,"audioPlay":false,"sceneViewState":{"showFog":true,"showMaterialUpdate":true,"showSkybox":true,"showFlares":true,"showImageEffects":true,"showParticleSystems":true},"in2DMode":false,"pivot":{"x":0.2618672549724579,"y":-5.1489410400390629,"z":4.845888137817383},"rotation":{"x":-0.537380039691925,"y":-0.0007760210428386927,"z":0.0004621902771759778,"w":-0.8433729410171509},"size":25.345870971679689,"orthographic":false}