{"cameraMode":{"drawMode":0,"name":"Shaded","section":"Shading Mode"},"sceneLighting":true,"audioPlay":false,"sceneViewState":{"showFog":true,"showMaterialUpdate":true,"showSkybox":true,"showFlares":true,"showImageEffects":true,"showParticleSystems":true},"in2DMode":false,"pivot":{"x":550.0797729492188,"y":324.9609069824219,"z":410.49884033203127},"rotation":{"x":-0.058774035423994067,"y":0.009580105543136597,"z":-0.0005734545993618667,"w":-0.9982426166534424},"size":644.082275390625,"orthographic":false}