{"cameraMode":{"drawMode":0,"name":"Shaded","section":"Shading Mode"},"sceneLighting":true,"audioPlay":false,"sceneViewState":{"showFog":true,"showMaterialUpdate":true,"showSkybox":true,"showFlares":true,"showImageEffects":true,"showParticleSystems":true},"in2DMode":false,"pivot":{"x":-1.156378984451294,"y":-17.487951278686525,"z":22.65567970275879},"rotation":{"x":-0.30581578612327578,"y":0.009137093089520932,"z":-0.002935479860752821,"w":-0.9520435333251953},"size":25.43166732788086,"orthographic":false}