{"cameraMode":{"drawMode":0,"name":"Shaded","section":"Shading Mode"},"sceneLighting":false,"audioPlay":false,"sceneViewState":{"showFog":true,"showMaterialUpdate":true,"showSkybox":false,"showFlares":true,"showImageEffects":true,"showParticleSystems":true},"in2DMode":false,"pivot":{"x":0.0,"y":1.4900000095367432,"z":1.2869999408721924},"rotation":{"x":-0.30581578612327578,"y":0.009137093089520932,"z":-0.002935479860752821,"w":-0.9520435333251953},"size":0.17320510745048524,"orthographic":false}