{"cameraMode":{"drawMode":0,"name":"Shaded","section":"Shading Mode"},"sceneLighting":true,"audioPlay":false,"sceneViewState":{"showFog":true,"showMaterialUpdate":true,"showSkybox":true,"showFlares":true,"showImageEffects":true,"showParticleSystems":true},"in2DMode":false,"pivot":{"x":576.6754150390625,"y":398.345703125,"z":208.75732421875},"rotation":{"x":-0.013808363117277623,"y":-0.012901180423796177,"z":0.0001682611764408648,"w":-0.9998337030410767},"size":536.6344604492188,"orthographic":false}