{"cameraMode":{"drawMode":0,"name":"Shaded","section":"Shading Mode"},"sceneLighting":true,"audioPlay":false,"sceneViewState":{"showFog":true,"showMaterialUpdate":true,"showSkybox":true,"showFlares":true,"showImageEffects":true,"showParticleSystems":true},"in2DMode":false,"pivot":{"x":-1.766764760017395,"y":0.5023040771484375,"z":-3.592561721801758},"rotation":{"x":-0.3818631172180176,"y":0.004707614425569773,"z":-0.0019546523690223696,"w":-0.924221932888031},"size":11.377223014831543,"orthographic":false}