{"cameraMode":{"drawMode":0,"name":"Shaded","section":"Shading Mode"},"sceneLighting":true,"audioPlay":false,"sceneViewState":{"showFog":true,"showMaterialUpdate":true,"showSkybox":true,"showFlares":true,"showImageEffects":true,"showParticleSystems":true},"in2DMode":false,"pivot":{"x":-2.2206130027770998,"y":-1.6455955505371094,"z":2.4865665435791017},"rotation":{"x":-0.43515652418136599,"y":0.018092473968863488,"z":-0.008746837265789509,"w":-0.9001309275627136},"size":27.17323875427246,"orthographic":false}