{"cameraMode":{"drawMode":0,"name":"Shaded","section":"Shading Mode"},"sceneLighting":false,"audioPlay":false,"sceneViewState":{"showFog":true,"showMaterialUpdate":true,"showSkybox":false,"showFlares":true,"showImageEffects":true,"showParticleSystems":true},"in2DMode":false,"pivot":{"x":-9.56646728515625,"y":2.9399261474609377,"z":20.52495574951172},"rotation":{"x":-0.39705315232276919,"y":-0.007716851308941841,"z":0.0033256576862186195,"w":-0.9177777767181397},"size":24.26140594482422,"orthographic":false}